{
  "n_samples": 7638,
  "test_accuracy": 0.7834,
  "classification_report": {
    "0": {
      "precision": 0.7819148936170213,
      "recall": 0.7788079470198676,
      "f1-score": 0.7803583278035833,
      "support": 755.0
    },
    "1": {
      "precision": 0.7847938144329897,
      "recall": 0.7878395860284605,
      "f1-score": 0.7863137508069722,
      "support": 773.0
    },
    "accuracy": 0.7833769633507853,
    "macro avg": {
      "precision": 0.7833543540250054,
      "recall": 0.783323766524164,
      "f1-score": 0.7833360393052777,
      "support": 1528.0
    },
    "weighted avg": {
      "precision": 0.7833713110193404,
      "recall": 0.7833769633507853,
      "f1-score": 0.7833711170585699,
      "support": 1528.0
    }
  }
}