{
  "model_name": "goes_distance_model",
  "model_version": "prop_baseline_v1",
  "model_type": "nearest_centroid_softmax_baseline",
  "feature_names": [
    "a_prior_fights",
    "b_prior_fights",
    "a_prior_wins",
    "b_prior_wins",
    "a_prior_finishes",
    "b_prior_finishes",
    "a_prior_decisions",
    "b_prior_decisions"
  ],
  "classes": [
    "0",
    "1"
  ],
  "centroids": [
    [
      0.9354582498253909,
      0.8524530935957665,
      0.8938676286990443,
      0.8042616361739228,
      0.847213491113672,
      0.7342345138088274,
      0.6454562291115981,
      0.6346521473316266
    ],
    [
      1.0098221404468821,
      0.9209615227821045,
      0.9494554939906158,
      0.8588472845393934,
      0.7515086111459829,
      0.7154831343145193,
      0.8759541679191869,
      0.7684509790516109
    ]
  ],
  "scales": [
    5.166491717914363,
    5.533433262868406,
    3.597964732598731,
    3.7246082219151915,
    2.3816452529461483,
    2.4674989787227513,
    1.856581686379265,
    1.8653314176520643
  ],
  "metrics": {
    "train": {
      "accuracy": 0.5558,
      "balanced_accuracy": 0.5452,
      "log_loss": 0.6848,
      "roc_auc": 0.5749,
      "confusion_matrix": {
        "0": {
          "0": 2251,
          "1": 1127
        },
        "1": {
          "0": 1631,
          "1": 1200
        }
      },
      "per_class_recall": {
        "0": 0.6664,
        "1": 0.4239
      }
    },
    "validation": {
      "accuracy": 0.5319,
      "balanced_accuracy": 0.532,
      "log_loss": 0.6886,
      "roc_auc": 0.5586,
      "confusion_matrix": {
        "0": {
          "0": 394,
          "1": 387
        },
        "1": {
          "0": 340,
          "1": 432
        }
      },
      "per_class_recall": {
        "0": 0.5045,
        "1": 0.5596
      }
    },
    "majority_class_baseline": {
      "label": "0",
      "accuracy": 0.5029,
      "class_counts": {
        "0": 781,
        "1": 772
      }
    },
    "calibration_notes": "Baseline probabilities are centroid-distance softmax scores and are not calibrated."
  },
  "metadata": {
    "model_name": "goes_distance_model",
    "model_type": "nearest_centroid_softmax_baseline",
    "target_label": "goes_distance_binary",
    "status": "experimental",
    "training_rows": 6209,
    "validation_rows": 1553,
    "date_range": {
      "min": null,
      "max": null
    },
    "data_source": "csv",
    "input_path": "C:\\dev\\mma-ai\\ufc_predictor\\data\\raw\\fights.csv",
    "split_type": "source_order_reversed_experimental",
    "feature_names": [
      "a_prior_fights",
      "b_prior_fights",
      "a_prior_wins",
      "b_prior_wins",
      "a_prior_finishes",
      "b_prior_finishes",
      "a_prior_decisions",
      "b_prior_decisions"
    ],
    "class_distribution": {
      "0": 4159,
      "1": 3603
    },
    "trained_at": "2026-05-29T04:53:11.350950+00:00",
    "data_cutoff_date": "source_order_7905",
    "training_source_status": "experimental",
    "leakage_checked": true,
    "limitations": [
      "Event dates are missing; split uses reversed source order and should not be treated as production-grade chronological validation.",
      "No event_date column is available; chronological order falls back to CSV row order.",
      "Rows were processed in reverse source order for experimental training because the cached CSV appears newest-first.",
      "Significant-strike labels are unavailable; strike-volume model is blocked.",
      "Takedown/control labels are unavailable; takedown-control model is blocked.",
      "Dedicated model training is blocked until credible chronological source data is available.",
      "Features are limited to pre-fight rolling win/finish/decision history from the available source order."
    ],
    "model_version": "prop_baseline_v1"
  }
}