{
  "model_name": "method_model",
  "model_version": "prop_baseline_v1",
  "model_type": "nearest_centroid_softmax_baseline",
  "feature_names": [
    "a_prior_fights",
    "b_prior_fights",
    "a_prior_wins",
    "b_prior_wins",
    "a_prior_finishes",
    "b_prior_finishes",
    "a_prior_decisions",
    "b_prior_decisions"
  ],
  "classes": [
    "Decision",
    "KO/TKO",
    "Other",
    "Submission"
  ],
  "centroids": [
    [
      1.0068591194495549,
      0.9214730747975696,
      0.9520646800135867,
      0.8604084494437761,
      0.7570624823462789,
      0.7189492407930103,
      0.8772502653585216,
      0.7704710639528766
    ],
    [
      0.9653530152262448,
      0.9516893396716536,
      0.9323027092644437,
      0.9111541097863005,
      0.8773125426069477,
      0.8399042920514144,
      0.686262448196265,
      0.7118530149853188
    ],
    [
      1.1603522393062227,
      0.8051906551043188,
      1.0316930728546578,
      0.6760729176192068,
      0.8801382717975038,
      0.5803093005387983,
      0.8746843740471254,
      0.5850177665300678
    ],
    [
      0.8615087336852062,
      0.719454044423929,
      0.8115731309400396,
      0.6484123776806888,
      0.7856964491484968,
      0.5780337741551492,
      0.5694468650344306,
      0.5326450562780738
    ]
  ],
  "scales": [
    5.311866651217579,
    5.6000288633587285,
    3.674454341754743,
    3.7650591809214475,
    2.416975599672768,
    2.490834705065881,
    1.9019847764500384,
    1.8802847758358878
  ],
  "metrics": {
    "train": {
      "accuracy": 0.26,
      "balanced_accuracy": 0.3004,
      "log_loss": 1.3861,
      "roc_auc": null,
      "confusion_matrix": {
        "Decision": {
          "Decision": 758,
          "KO/TKO": 1085,
          "Other": 1137,
          "Submission": 2966
        },
        "KO/TKO": {
          "Decision": 387,
          "KO/TKO": 1015,
          "Other": 730,
          "Submission": 2202
        },
        "Other": {
          "Decision": 4,
          "KO/TKO": 21,
          "Other": 26,
          "Submission": 59
        },
        "Submission": {
          "Decision": 150,
          "KO/TKO": 439,
          "Other": 451,
          "Submission": 1584
        }
      },
      "per_class_recall": {
        "Decision": 0.1275,
        "KO/TKO": 0.2342,
        "Other": 0.2364,
        "Submission": 0.6037
      }
    },
    "validation": {
      "accuracy": 0.2667,
      "balanced_accuracy": 0.2534,
      "log_loss": 1.3821,
      "roc_auc": null,
      "confusion_matrix": {
        "Decision": {
          "Decision": 342,
          "KO/TKO": 369,
          "Other": 319,
          "Submission": 587
        },
        "KO/TKO": {
          "Decision": 108,
          "KO/TKO": 312,
          "Other": 197,
          "Submission": 419
        },
        "Other": {
          "Decision": 2,
          "KO/TKO": 4,
          "Other": 3,
          "Submission": 13
        },
        "Submission": {
          "Decision": 88,
          "KO/TKO": 177,
          "Other": 103,
          "Submission": 211
        }
      },
      "per_class_recall": {
        "Decision": 0.2115,
        "KO/TKO": 0.3012,
        "Other": 0.1364,
        "Submission": 0.3644
      }
    },
    "majority_class_baseline": {
      "label": "Decision",
      "accuracy": 0.4969,
      "class_counts": {
        "Decision": 1617,
        "Submission": 579,
        "KO/TKO": 1036,
        "Other": 22
      }
    },
    "calibration_notes": "Baseline probabilities are centroid-distance softmax scores and are not calibrated."
  },
  "metadata": {
    "model_name": "method_model",
    "model_type": "nearest_centroid_softmax_baseline",
    "target_label": "method_class",
    "status": "experimental",
    "training_rows": 13014,
    "validation_rows": 3254,
    "date_range": {
      "min": "1994-03-11",
      "max": "2025-10-04"
    },
    "data_source": "imported_csv",
    "input_path": "C:\\dev\\mma-ai\\ufc_predictor\\data\\processed\\training_imports\\normalized_fights.csv",
    "split_type": "chronological",
    "feature_names": [
      "a_prior_fights",
      "b_prior_fights",
      "a_prior_wins",
      "b_prior_wins",
      "a_prior_finishes",
      "b_prior_finishes",
      "a_prior_decisions",
      "b_prior_decisions"
    ],
    "class_distribution": {
      "Decision": 7563,
      "KO/TKO": 5370,
      "Submission": 3203,
      "Other": 132
    },
    "baseline_metrics": {
      "label": "Decision",
      "accuracy": 0.4969,
      "class_counts": {
        "Decision": 1617,
        "Submission": 579,
        "KO/TKO": 1036,
        "Other": 22
      }
    },
    "source_datasets": [
      "imported_csv"
    ],
    "source_files": [
      "C:\\dev\\mma-ai\\ufc_predictor\\data\\processed\\training_imports\\normalized_fights.csv"
    ],
    "trained_at": "2026-06-07T03:55:42.776894+00:00",
    "data_cutoff_date": "2025-10-04",
    "training_source_status": "experimental",
    "leakage_checked": true,
    "limitations": [
      "Validation is weak; treat this as an experimental model-supported read, not a confident prop projection.",
      "Validation accuracy does not beat the majority-class baseline; keep this as an experimental read.",
      "Balanced accuracy is weak, so this model should not drive confident public wording yet.",
      "Features are limited to pre-fight rolling win/finish/decision history from the available source order."
    ],
    "model_version": "prop_baseline_v1"
  }
}