{
  "model_name": "round_model",
  "model_version": "prop_baseline_v1",
  "model_type": "nearest_centroid_softmax_baseline",
  "feature_names": [
    "a_prior_fights",
    "b_prior_fights",
    "a_prior_wins",
    "b_prior_wins",
    "a_prior_finishes",
    "b_prior_finishes",
    "a_prior_decisions",
    "b_prior_decisions"
  ],
  "classes": [
    "decision",
    "early",
    "late",
    "middle"
  ],
  "centroids": [
    [
      1.0098221404468821,
      0.9209615227821045,
      0.9494554939906158,
      0.8588472845393934,
      0.7515086111459829,
      0.7154831343145193,
      0.8759541679191869,
      0.7684509790516109
    ],
    [
      0.8311974339891167,
      0.8131889753460204,
      0.7865967764392171,
      0.754132369606586,
      0.7895353959277948,
      0.6848177106493241,
      0.5115607029992664,
      0.599925896288807
    ],
    [
      1.9258716636473514,
      1.5873207312850564,
      2.1632600405484244,
      1.8346448609351016,
      1.8964481217676943,
      1.7831820956933337,
      1.7595060269270313,
      1.3045045562982187
    ],
    [
      1.0238757003747725,
      0.8711488180436437,
      0.9747347341306358,
      0.8244120689910686,
      0.8758984369415647,
      0.7527585969775955,
      0.7653753417159875,
      0.650383567050133
    ]
  ],
  "scales": [
    5.166491717914363,
    5.533433262868406,
    3.597964732598731,
    3.7246082219151915,
    2.3816452529461483,
    2.4674989787227513,
    1.856581686379265,
    1.8653314176520643
  ],
  "metrics": {
    "train": {
      "accuracy": 0.286,
      "balanced_accuracy": 0.4123,
      "log_loss": 1.3263,
      "roc_auc": null,
      "confusion_matrix": {
        "decision": {
          "decision": 420,
          "early": 1522,
          "late": 661,
          "middle": 228
        },
        "early": {
          "decision": 193,
          "early": 1163,
          "late": 319,
          "middle": 156
        },
        "late": {
          "decision": 5,
          "early": 5,
          "late": 46,
          "middle": 4
        },
        "middle": {
          "decision": 154,
          "early": 823,
          "late": 363,
          "middle": 147
        }
      },
      "per_class_recall": {
        "decision": 0.1484,
        "early": 0.6352,
        "late": 0.7667,
        "middle": 0.0989
      }
    },
    "validation": {
      "accuracy": 0.235,
      "balanced_accuracy": 0.4252,
      "log_loss": 1.4347,
      "roc_auc": null,
      "confusion_matrix": {
        "decision": {
          "decision": 124,
          "early": 327,
          "late": 274,
          "middle": 47
        },
        "early": {
          "decision": 47,
          "early": 188,
          "late": 107,
          "middle": 32
        },
        "late": {
          "decision": 0,
          "early": 0,
          "late": 18,
          "middle": 1
        },
        "middle": {
          "decision": 64,
          "early": 162,
          "late": 127,
          "middle": 35
        }
      },
      "per_class_recall": {
        "decision": 0.1606,
        "early": 0.5027,
        "late": 0.9474,
        "middle": 0.0902
      }
    },
    "majority_class_baseline": {
      "label": "decision",
      "accuracy": 0.4971,
      "class_counts": {
        "middle": 388,
        "decision": 772,
        "early": 374,
        "late": 19
      }
    },
    "calibration_notes": "Baseline probabilities are centroid-distance softmax scores and are not calibrated."
  },
  "metadata": {
    "model_name": "round_model",
    "model_type": "nearest_centroid_softmax_baseline",
    "target_label": "round_phase_class",
    "status": "experimental",
    "training_rows": 6209,
    "validation_rows": 1553,
    "date_range": {
      "min": null,
      "max": null
    },
    "data_source": "imported_csv",
    "input_path": "C:\\dev\\mma-ai\\ufc_predictor\\data\\raw\\fights.csv",
    "split_type": "source_order_reversed_experimental",
    "feature_names": [
      "a_prior_fights",
      "b_prior_fights",
      "a_prior_wins",
      "b_prior_wins",
      "a_prior_finishes",
      "b_prior_finishes",
      "a_prior_decisions",
      "b_prior_decisions"
    ],
    "class_distribution": {
      "decision": 3603,
      "early": 2205,
      "middle": 1875,
      "late": 79
    },
    "trained_at": "2026-05-29T15:42:04.214865+00:00",
    "data_cutoff_date": "source_order_7905",
    "training_source_status": "experimental",
    "leakage_checked": true,
    "limitations": [
      "Event dates are missing; split uses reversed source order and should not be treated as production-grade chronological validation.",
      "No event_date column is available; chronological order falls back to CSV row order.",
      "Rows were processed in reverse source order for experimental training because the cached CSV appears newest-first.",
      "Significant-strike labels are unavailable; strike-volume model is blocked.",
      "Takedown/control labels are unavailable; takedown-control model is blocked.",
      "Dedicated model training is blocked until credible chronological source data is available.",
      "Features are limited to pre-fight rolling win/finish/decision history from the available source order."
    ],
    "model_version": "prop_baseline_v1"
  }
}