{
  "model_name": "round_model",
  "model_version": "prop_baseline_v1",
  "model_type": "nearest_centroid_softmax_baseline",
  "feature_names": [
    "a_prior_fights",
    "b_prior_fights",
    "a_prior_wins",
    "b_prior_wins",
    "a_prior_finishes",
    "b_prior_finishes",
    "a_prior_decisions",
    "b_prior_decisions"
  ],
  "classes": [
    "decision",
    "early",
    "late",
    "middle"
  ],
  "centroids": [
    [
      1.0068591194495549,
      0.9214730747975696,
      0.9520646800135867,
      0.8604084494437761,
      0.7570624823462789,
      0.7189492407930103,
      0.8772502653585216,
      0.7704710639528766
    ],
    [
      0.8227487042661752,
      0.8261586636072996,
      0.7781521611434578,
      0.7592864841590489,
      0.7801429744093198,
      0.6867892866341119,
      0.5119378796886798,
      0.6105883388895289
    ],
    [
      1.8886995822652308,
      1.5853576824536246,
      2.1462176770504,
      1.8246509202295362,
      1.8904227629254995,
      1.795199298593716,
      1.744006162301079,
      1.2755376284284548
    ],
    [
      1.0218507824580338,
      0.8797282051511521,
      0.9739531608680086,
      0.831531891767463,
      0.8788194920705796,
      0.7600246473698072,
      0.7648121950170923,
      0.6582359389702946
    ]
  ],
  "scales": [
    5.311866651217579,
    5.6000288633587285,
    3.674454341754743,
    3.7650591809214475,
    2.416975599672768,
    2.490834705065881,
    1.9019847764500384,
    1.8802847758358878
  ],
  "metrics": {
    "train": {
      "accuracy": 0.2842,
      "balanced_accuracy": 0.4137,
      "log_loss": 1.3264,
      "roc_auc": null,
      "confusion_matrix": {
        "decision": {
          "decision": 869,
          "early": 3206,
          "late": 1397,
          "middle": 474
        },
        "early": {
          "decision": 392,
          "early": 2432,
          "late": 653,
          "middle": 325
        },
        "late": {
          "decision": 10,
          "early": 10,
          "late": 95,
          "middle": 8
        },
        "middle": {
          "decision": 348,
          "early": 1729,
          "late": 763,
          "middle": 303
        }
      },
      "per_class_recall": {
        "decision": 0.1461,
        "early": 0.6397,
        "late": 0.7724,
        "middle": 0.0964
      }
    },
    "validation": {
      "accuracy": 0.2382,
      "balanced_accuracy": 0.4274,
      "log_loss": 1.433,
      "roc_auc": null,
      "confusion_matrix": {
        "decision": {
          "decision": 266,
          "early": 667,
          "late": 606,
          "middle": 78
        },
        "early": {
          "decision": 85,
          "early": 385,
          "late": 237,
          "middle": 81
        },
        "late": {
          "decision": 0,
          "early": 0,
          "late": 39,
          "middle": 2
        },
        "middle": {
          "decision": 109,
          "early": 340,
          "late": 274,
          "middle": 85
        }
      },
      "per_class_recall": {
        "decision": 0.1645,
        "early": 0.4886,
        "late": 0.9512,
        "middle": 0.1052
      }
    },
    "majority_class_baseline": {
      "label": "decision",
      "accuracy": 0.4969,
      "class_counts": {
        "decision": 1617,
        "early": 788,
        "middle": 808,
        "late": 41
      }
    },
    "calibration_notes": "Baseline probabilities are centroid-distance softmax scores and are not calibrated."
  },
  "metadata": {
    "model_name": "round_model",
    "model_type": "nearest_centroid_softmax_baseline",
    "target_label": "round_phase_class",
    "status": "experimental",
    "training_rows": 13014,
    "validation_rows": 3254,
    "date_range": {
      "min": "1994-03-11",
      "max": "2025-10-04"
    },
    "data_source": "imported_csv",
    "input_path": "C:\\dev\\mma-ai\\ufc_predictor\\data\\processed\\training_imports\\normalized_fights.csv",
    "split_type": "chronological",
    "feature_names": [
      "a_prior_fights",
      "b_prior_fights",
      "a_prior_wins",
      "b_prior_wins",
      "a_prior_finishes",
      "b_prior_finishes",
      "a_prior_decisions",
      "b_prior_decisions"
    ],
    "class_distribution": {
      "decision": 7563,
      "early": 4590,
      "middle": 3951,
      "late": 164
    },
    "baseline_metrics": {
      "label": "decision",
      "accuracy": 0.4969,
      "class_counts": {
        "decision": 1617,
        "early": 788,
        "middle": 808,
        "late": 41
      }
    },
    "source_datasets": [
      "imported_csv"
    ],
    "source_files": [
      "C:\\dev\\mma-ai\\ufc_predictor\\data\\processed\\training_imports\\normalized_fights.csv"
    ],
    "trained_at": "2026-06-07T00:43:17.358224+00:00",
    "data_cutoff_date": "2025-10-04",
    "training_source_status": "experimental",
    "leakage_checked": true,
    "limitations": [
      "Validation is weak; treat this as an experimental model-supported read, not a confident prop projection.",
      "Validation accuracy does not beat the majority-class baseline; keep this as an experimental read.",
      "Balanced accuracy is weak, so this model should not drive confident public wording yet.",
      "Features are limited to pre-fight rolling win/finish/decision history from the available source order."
    ],
    "model_version": "prop_baseline_v1"
  }
}